{
  "total": 36,
  "movies": [
    {
      "id": "9",
      "title": "Star Wars: Episode III - Revenge of the Sith 3D",
      "year": 2005,
      "mpaa_rating": "PG-13",
      "runtime": 140,
      "critics_consensus": "This sixth and final installment of George Lucas' epic space opera will please die-hard fanatics and non-believers alike -- largely due to awesome digital effects and the sheer power of the mythology.",
      "release_dates": {
        "theater": "2005-05-19",
        "dvd": "2005-11-01"
      },
      "ratings": {
        "critics_rating": "Certified Fresh",
        "critics_score": 80,
        "audience_rating": "Upright",
        "audience_score": 65
      },
      "synopsis": "",
      "posters": {
        "thumbnail": "http://content8.flixster.com/movie/10/94/47/10944718_mob.jpg",
        "profile": "http://content8.flixster.com/movie/10/94/47/10944718_pro.jpg",
        "detailed": "http://content8.flixster.com/movie/10/94/47/10944718_det.jpg",
        "original": "http://content8.flixster.com/movie/10/94/47/10944718_ori.jpg"
      },
      "abridged_cast": [
        {
          "name": "Hayden Christensen",
          "id": "162652153",
          "characters": [
            "Anakin Skywalker/Darth Vader"
          ]
        },
        {
          "name": "Ewan McGregor",
          "id": "162652152",
          "characters": [
            "Obi-Wan Kenobi"
          ]
        },
        {
          "name": "Kenny Baker",
          "id": "418638213",
          "characters": [
            "R2-D2"
          ]
        },
        {
          "name": "Graeme Blundell",
          "id": "548155708",
          "characters": [
            "Ruwee Naberrie"
          ]
        },
        {
          "name": "Jeremy Bulloch",
          "id": "358317901",
          "characters": [
            "Captain Colton"
          ]
        }
      ],
      "alternate_ids": {
        "imdb": "0121766"
      },
      "links": {
        "self": "http://api.rottentomatoes.com/api/public/v1.0/movies/9.json",
        "alternate": "http://www.rottentomatoes.com/m/star_wars_episode_iii_revenge_of_the_sith_3d/",
        "cast": "http://api.rottentomatoes.com/api/public/v1.0/movies/9/cast.json",
        "clips": "http://api.rottentomatoes.com/api/public/v1.0/movies/9/clips.json",
        "reviews": "http://api.rottentomatoes.com/api/public/v1.0/movies/9/reviews.json",
        "similar": "http://api.rottentomatoes.com/api/public/v1.0/movies/9/similar.json"
      }
    },
    {
      "id": "10009",
      "title": "Star Wars: Episode II - Attack of the Clones 3D",
      "year": 2002,
      "mpaa_rating": "PG",
      "runtime": 143,
      "critics_consensus": "Though it still suffers from an overabundance of exposition, the action quotient is upped considerably in Star Wars: Episode II - Attack of the Clones, which makes it an improvement over The Phantom Menace.",
      "release_dates": {
        "theater": "2002-05-16",
        "dvd": "2002-11-12"
      },
      "ratings": {
        "critics_rating": "Fresh",
        "critics_score": 67,
        "audience_rating": "Upright",
        "audience_score": 60
      },
      "synopsis": "",
      "posters": {
        "thumbnail": "http://content7.flixster.com/movie/10/94/47/10944721_mob.jpg",
        "profile": "http://content7.flixster.com/movie/10/94/47/10944721_pro.jpg",
        "detailed": "http://content7.flixster.com/movie/10/94/47/10944721_det.jpg",
        "original": "http://content7.flixster.com/movie/10/94/47/10944721_ori.jpg"
      },
      "abridged_cast": [
        {
          "name": "Ewan McGregor",
          "id": "162652152",
          "characters": [
            "Obi-Wan Kenobi"
          ]
        },
        {
          "name": "Natalie Portman",
          "id": "162652154",
          "characters": [
            "PadmA? Amidala",
            "Padme Amidala",
            "Padm? Amidala"
          ]
        },
        {
          "name": "Hayden Christensen",
          "id": "162652153",
          "characters": [
            "Anakin Skywalker"
          ]
        },
        {
          "name": "Christopher Lee",
          "id": "162652385",
          "characters": [
            "Count Dooku"
          ]
        },
        {
          "name": "Samuel L. Jackson",
          "id": "162652156",
          "characters": [
            "Mace Windu"
          ]
        }
      ],
      "alternate_ids": {
        "imdb": "0121765"
      },
      "links": {
        "self": "http://api.rottentomatoes.com/api/public/v1.0/movies/10009.json",
        "alternate": "http://www.rottentomatoes.com/m/star_wars_episode_ii_attack_of_the_clones_3d/",
        "cast": "http://api.rottentomatoes.com/api/public/v1.0/movies/10009/cast.json",
        "clips": "http://api.rottentomatoes.com/api/public/v1.0/movies/10009/clips.json",
        "reviews": "http://api.rottentomatoes.com/api/public/v1.0/movies/10009/reviews.json",
        "similar": "http://api.rottentomatoes.com/api/public/v1.0/movies/10009/similar.json"
      }
    },
    {
      "id": "771321699",
      "title": "Star Wars: Episode VII",
      "year": 2015,
      "mpaa_rating": "Unrated",
      "runtime": "",
      "release_dates": {
        "theater": "2015-12-18"
      },
      "ratings": {
        "critics_score": -1,
        "audience_score": 99
      },
      "synopsis": "The Star Wars saga continues with this seventh entry -- the first under the Walt Disney Co. umbrella. The film will act as the start of a new trilogy set after the events of Return of the Jedi. J.J. Abrams directs from a script by Michael Arndt. ~ Jeremy Wheeler, Rovi",
      "posters": {
        "thumbnail": "http://images.rottentomatoescdn.com/images/redesign/poster_default.gif",
        "profile": "http://images.rottentomatoescdn.com/images/redesign/poster_default.gif",
        "detailed": "http://images.rottentomatoescdn.com/images/redesign/poster_default.gif",
        "original": "http://images.rottentomatoescdn.com/images/redesign/poster_default.gif"
      },
      "abridged_cast": [],
      "alternate_ids": {
        "imdb": "2488496"
      },
      "links": {
        "self": "http://api.rottentomatoes.com/api/public/v1.0/movies/771321699.json",
        "alternate": "http://www.rottentomatoes.com/m/star_wars_episode_vii/",
        "cast": "http://api.rottentomatoes.com/api/public/v1.0/movies/771321699/cast.json",
        "clips": "http://api.rottentomatoes.com/api/public/v1.0/movies/771321699/clips.json",
        "reviews": "http://api.rottentomatoes.com/api/public/v1.0/movies/771321699/reviews.json",
        "similar": "http://api.rottentomatoes.com/api/public/v1.0/movies/771321699/similar.json"
      }
    },
    {
      "id": "770683913",
      "title": "Star Wars: The Clone Wars",
      "year": 2008,
      "mpaa_rating": "PG",
      "runtime": 98,
      "critics_consensus": "Mechanical animation and a less-than stellar script make The Clone Wars a pale shadow of George Lucas' once great franchise.",
      "release_dates": {
        "theater": "2008-08-15",
        "dvd": "2008-11-11"
      },
      "ratings": {
        "critics_rating": "Rotten",
        "critics_score": 18,
        "audience_rating": "Spilled",
        "audience_score": 39
      },
      "synopsis": "",
      "posters": {
        "thumbnail": "http://content9.flixster.com/movie/11/13/24/11132487_mob.jpg",
        "profile": "http://content9.flixster.com/movie/11/13/24/11132487_pro.jpg",
        "detailed": "http://content9.flixster.com/movie/11/13/24/11132487_det.jpg",
        "original": "http://content9.flixster.com/movie/11/13/24/11132487_ori.jpg"
      },
      "abridged_cast": [
        {
          "name": "Matt Lanter",
          "id": "770699725",
          "characters": [
            "Anakin Skywalker"
          ]
        },
        {
          "name": "Ashley Eckstein",
          "id": "770799370",
          "characters": [
            "Ahsoka Tano"
          ]
        },
        {
          "name": "James Arnold Taylor",
          "id": "178810504",
          "characters": [
            "4-A7",
            "Medical Droid",
            "Obi-Wan Kenobi"
          ]
        },
        {
          "name": "Dee Bradley Baker",
          "id": "551528216",
          "characters": [
            "Captain Rex",
            "Clone Troopers",
            "Cody Dee"
          ]
        },
        {
          "name": "Tom Kane",
          "id": "178810497",
          "characters": [
            "Admiral Yularen",
            "Narrator",
            "Yoda"
          ]
        }
      ],
      "alternate_ids": {
        "imdb": "1185834"
      },
      "links": {
        "self": "http://api.rottentomatoes.com/api/public/v1.0/movies/770683913.json",
        "alternate": "http://www.rottentomatoes.com/m/clone_wars/",
        "cast": "http://api.rottentomatoes.com/api/public/v1.0/movies/770683913/cast.json",
        "clips": "http://api.rottentomatoes.com/api/public/v1.0/movies/770683913/clips.json",
        "reviews": "http://api.rottentomatoes.com/api/public/v1.0/movies/770683913/reviews.json",
        "similar": "http://api.rottentomatoes.com/api/public/v1.0/movies/770683913/similar.json"
      }
    },
    {
      "id": "10008",
      "title": "Star Wars: Episode I - The Phantom Menace",
      "year": 1999,
      "mpaa_rating": "PG",
      "runtime": 131,
      "critics_consensus": "Lucas needs to improve on the plot and character development, but there's plenty of eye candy to behold.",
      "release_dates": {
        "theater": "1999-05-09",
        "dvd": "2001-10-16"
      },
      "ratings": {
        "critics_rating": "Rotten",
        "critics_score": 57,
        "audience_rating": "Upright",
        "audience_score": 61
      },
      "synopsis": "",
      "posters": {
        "thumbnail": "http://content8.flixster.com/movie/11/16/30/11163090_mob.jpg",
        "profile": "http://content8.flixster.com/movie/11/16/30/11163090_pro.jpg",
        "detailed": "http://content8.flixster.com/movie/11/16/30/11163090_det.jpg",
        "original": "http://content8.flixster.com/movie/11/16/30/11163090_ori.jpg"
      },
      "abridged_cast": [
        {
          "name": "Ewan McGregor",
          "id": "162652152",
          "characters": [
            "Obi-Wan Kenobi"
          ]
        },
        {
          "name": "Liam Neeson",
          "id": "162652242",
          "characters": [
            "Qui-Gon Jinn"
          ]
        },
        {
          "name": "Natalie Portman",
          "id": "162652154",
          "characters": [
            "Queen Amidala / PadmA? Naberrie",
            "Queen Amidala / Padme Naberrie",
            "Queen Amidala / Padm? Naberrie"
          ]
        },
        {
          "name": "Jake Lloyd",
          "id": "162662392",
          "characters": [
            "Anakin Skywalker"
          ]
        },
        {
          "name": "Pernilla August",
          "id": "405588753",
          "characters": [
            "Shmi Skywalker"
          ]
        }
      ],
      "links": {
        "self": "http://api.rottentomatoes.com/api/public/v1.0/movies/10008.json",
        "alternate": "http://www.rottentomatoes.com/m/star_wars_episode_i_the_phantom_menace/",
        "cast": "http://api.rottentomatoes.com/api/public/v1.0/movies/10008/cast.json",
        "clips": "http://api.rottentomatoes.com/api/public/v1.0/movies/10008/clips.json",
        "reviews": "http://api.rottentomatoes.com/api/public/v1.0/movies/10008/reviews.json",
        "similar": "http://api.rottentomatoes.com/api/public/v1.0/movies/10008/similar.json"
      }
    },
    {
      "id": "11366",
      "title": "Star Wars: Episode VI - Return of the Jedi",
      "year": 1983,
      "mpaa_rating": "PG",
      "runtime": 133,
      "critics_consensus": "Though failing to reach the cinematic heights of its predecessors, Return of the Jedi remains an entertaining sci-fi adventure and a fitting end to the classic trilogy.",
      "release_dates": {
        "theater": "1983-05-25",
        "dvd": "2006-09-12"
      },
      "ratings": {
        "critics_rating": "Certified Fresh",
        "critics_score": 78,
        "audience_rating": "Upright",
        "audience_score": 95
      },
      "synopsis": "",
      "posters": {
        "thumbnail": "http://content7.flixster.com/movie/10/94/47/10944709_mob.jpg",
        "profile": "http://content7.flixster.com/movie/10/94/47/10944709_pro.jpg",
        "detailed": "http://content7.flixster.com/movie/10/94/47/10944709_det.jpg",
        "original": "http://content7.flixster.com/movie/10/94/47/10944709_ori.jpg"
      },
      "abridged_cast": [
        {
          "name": "Mark Hamill",
          "id": "162665747",
          "characters": [
            "Luke Skywalker"
          ]
        },
        {
          "name": "Harrison Ford",
          "id": "162661579",
          "characters": [
            "Han Solo"
          ]
        },
        {
          "name": "Carrie Fisher",
          "id": "162663355",
          "characters": [
            "Princess Leia"
          ]
        },
        {
          "name": "Billy Dee Williams",
          "id": "162656403",
          "characters": [
            "Lando Calrissian"
          ]
        },
        {
          "name": "Anthony Daniels",
          "id": "178810494",
          "characters": [
            "C-3PO"
          ]
        }
      ],
      "alternate_ids": {
        "imdb": "0086190"
      },
      "links": {
        "self": "http://api.rottentomatoes.com/api/public/v1.0/movies/11366.json",
        "alternate": "http://www.rottentomatoes.com/m/return_of_the_jedi/",
        "cast": "http://api.rottentomatoes.com/api/public/v1.0/movies/11366/cast.json",
        "clips": "http://api.rottentomatoes.com/api/public/v1.0/movies/11366/clips.json",
        "reviews": "http://api.rottentomatoes.com/api/public/v1.0/movies/11366/reviews.json",
        "similar": "http://api.rottentomatoes.com/api/public/v1.0/movies/11366/similar.json"
      }
    },
    {
      "id": "11292",
      "title": "Star Wars: Episode IV - A New Hope",
      "year": 1977,
      "mpaa_rating": "PG",
      "runtime": 121,
      "critics_consensus": "A legendarily expansive and ambitious start to the sci-fi saga, George Lucas opened our eyes to the possiblites of blockbuster filmmaking and things have never been the same.",
      "release_dates": {
        "theater": "1977-05-25",
        "dvd": "2004-09-21"
      },
      "ratings": {
        "critics_rating": "Certified Fresh",
        "critics_score": 93,
        "audience_rating": "Upright",
        "audience_score": 96
      },
      "synopsis": "",
      "posters": {
        "thumbnail": "http://content9.flixster.com/movie/10/94/47/10944715_mob.jpg",
        "profile": "http://content9.flixster.com/movie/10/94/47/10944715_pro.jpg",
        "detailed": "http://content9.flixster.com/movie/10/94/47/10944715_det.jpg",
        "original": "http://content9.flixster.com/movie/10/94/47/10944715_ori.jpg"
      },
      "abridged_cast": [
        {
          "name": "Mark Hamill",
          "id": "162665747",
          "characters": [
            "Luke Skywalker"
          ]
        },
        {
          "name": "Anthony Daniels",
          "id": "178810494",
          "characters": [
            "C-3PO"
          ]
        },
        {
          "name": "Harrison Ford",
          "id": "162661579",
          "characters": [
            "Han Solo"
          ]
        },
        {
          "name": "Carrie Fisher",
          "id": "162663355",
          "characters": [
            "Princess Leia",
            "Princess Leia Organa"
          ]
        },
        {
          "name": "Peter Cushing",
          "id": "162658723",
          "characters": [
            "Grand Moff Tarkin"
          ]
        }
      ],
      "alternate_ids": {
        "imdb": "0076759"
      },
      "links": {
        "self": "http://api.rottentomatoes.com/api/public/v1.0/movies/11292.json",
        "alternate": "http://www.rottentomatoes.com/m/star_wars/",
        "cast": "http://api.rottentomatoes.com/api/public/v1.0/movies/11292/cast.json",
        "clips": "http://api.rottentomatoes.com/api/public/v1.0/movies/11292/clips.json",
        "reviews": "http://api.rottentomatoes.com/api/public/v1.0/movies/11292/reviews.json",
        "similar": "http://api.rottentomatoes.com/api/public/v1.0/movies/11292/similar.json"
      }
    },
    {
      "id": "11470",
      "title": "Star Wars: Episode V - The Empire Strikes Back",
      "year": 1980,
      "mpaa_rating": "PG",
      "runtime": 124,
      "critics_consensus": "Dark, sinister, but ultimately even more involving than A New Hope, The Empire Strikes Back defies viewer expectations and takes the series to heightened emotional levels.",
      "release_dates": {
        "theater": "1980-05-21",
        "dvd": "2004-09-21"
      },
      "ratings": {
        "critics_rating": "Certified Fresh",
        "critics_score": 96,
        "audience_rating": "Upright",
        "audience_score": 97
      },
      "synopsis": "",
      "posters": {
        "thumbnail": "http://content7.flixster.com/movie/11/15/79/11157937_mob.jpg",
        "profile": "http://content7.flixster.com/movie/11/15/79/11157937_pro.jpg",
        "detailed": "http://content7.flixster.com/movie/11/15/79/11157937_det.jpg",
        "original": "http://content7.flixster.com/movie/11/15/79/11157937_ori.jpg"
      },
      "abridged_cast": [
        {
          "name": "Mark Hamill",
          "id": "162665747",
          "characters": [
            "Luke Skywalker"
          ]
        },
        {
          "name": "Harrison Ford",
          "id": "162661579",
          "characters": [
            "Han Solo"
          ]
        },
        {
          "name": "Carrie Fisher",
          "id": "162663355",
          "characters": [
            "Princess Leia"
          ]
        },
        {
          "name": "David Prowse",
          "id": "603676177",
          "characters": [
            "Darth Vader"
          ]
        },
        {
          "name": "James Earl Jones",
          "id": "162655731",
          "characters": [
            "Darth Vader"
          ]
        }
      ],
      "alternate_ids": {
        "imdb": "0080684"
      },
      "links": {
        "self": "http://api.rottentomatoes.com/api/public/v1.0/movies/11470.json",
        "alternate": "http://www.rottentomatoes.com/m/empire_strikes_back/",
        "cast": "http://api.rottentomatoes.com/api/public/v1.0/movies/11470/cast.json",
        "clips": "http://api.rottentomatoes.com/api/public/v1.0/movies/11470/clips.json",
        "reviews": "http://api.rottentomatoes.com/api/public/v1.0/movies/11470/reviews.json",
        "similar": "http://api.rottentomatoes.com/api/public/v1.0/movies/11470/similar.json"
      }
    },
    {
      "id": "672128428",
      "title": "Empire of Dreams: The Story of the Star Wars Trilogy",
      "year": 2004,
      "mpaa_rating": "Unrated",
      "runtime": 151,
      "release_dates": {
        "theater": "2004-09-12"
      },
      "ratings": {
        "critics_score": -1,
        "audience_rating": "Upright",
        "audience_score": 90
      },
      "synopsis": "",
      "posters": {
        "thumbnail": "http://content9.flixster.com/movie/59/60/27/5960279_mob.jpg",
        "profile": "http://content9.flixster.com/movie/59/60/27/5960279_pro.jpg",
        "detailed": "http://content9.flixster.com/movie/59/60/27/5960279_det.jpg",
        "original": "http://content9.flixster.com/movie/59/60/27/5960279_ori.jpg"
      },
      "abridged_cast": [
        {
          "name": "George Lucas",
          "id": "162652162"
        },
        {
          "name": "Ralph McQuarrie",
          "id": "771153353"
        },
        {
          "name": "Robert Clotworthy",
          "id": "672128446"
        },
        {
          "name": "Harrison Ford",
          "id": "162661579"
        },
        {
          "name": "Mark Hamill",
          "id": "162665747"
        }
      ],
      "alternate_ids": {
        "imdb": "0416716"
      },
      "links": {
        "self": "http://api.rottentomatoes.com/api/public/v1.0/movies/672128428.json",
        "alternate": "http://www.rottentomatoes.com/m/empire-of-dreams-the-story-of-the-star-wars-trilogy/",
        "cast": "http://api.rottentomatoes.com/api/public/v1.0/movies/672128428/cast.json",
        "clips": "http://api.rottentomatoes.com/api/public/v1.0/movies/672128428/clips.json",
        "reviews": "http://api.rottentomatoes.com/api/public/v1.0/movies/672128428/reviews.json",
        "similar": "http://api.rottentomatoes.com/api/public/v1.0/movies/672128428/similar.json"
      }
    },
    {
      "id": "425838881",
      "title": "Star Wars: Holiday Special",
      "year": 1978,
      "mpaa_rating": "Unrated",
      "runtime": 97,
      "release_dates": {
        "theater": "1978-11-17"
      },
      "ratings": {
        "critics_rating": "Rotten",
        "critics_score": 40,
        "audience_rating": "Spilled",
        "audience_score": 20
      },
      "synopsis": "",
      "posters": {
        "thumbnail": "http://content6.flixster.com/movie/10/87/10/10871076_mob.jpg",
        "profile": "http://content6.flixster.com/movie/10/87/10/10871076_pro.jpg",
        "detailed": "http://content6.flixster.com/movie/10/87/10/10871076_det.jpg",
        "original": "http://content6.flixster.com/movie/10/87/10/10871076_ori.jpg"
      },
      "abridged_cast": [
        {
          "name": "Mark Hamill",
          "id": "162665747"
        },
        {
          "name": "Harrison Ford",
          "id": "162661579"
        },
        {
          "name": "Carrie Fisher",
          "id": "162663355"
        },
        {
          "name": "Anthony Daniels",
          "id": "178810494"
        },
        {
          "name": "Peter Mayhew",
          "id": "425838884"
        }
      ],
      "alternate_ids": {
        "imdb": "0193524"
      },
      "links": {
        "self": "http://api.rottentomatoes.com/api/public/v1.0/movies/425838881.json",
        "alternate": "http://www.rottentomatoes.com/m/star_wars_holiday_special/",
        "cast": "http://api.rottentomatoes.com/api/public/v1.0/movies/425838881/cast.json",
        "clips": "http://api.rottentomatoes.com/api/public/v1.0/movies/425838881/clips.json",
        "reviews": "http://api.rottentomatoes.com/api/public/v1.0/movies/425838881/reviews.json",
        "similar": "http://api.rottentomatoes.com/api/public/v1.0/movies/425838881/similar.json"
      }
    }
  ],
  "links": {
    "self": "http://api.rottentomatoes.com/api/public/v1.0/movies.json?q=Star+Wars&page_limit=10&page=1",
    "next": "http://api.rottentomatoes.com/api/public/v1.0/movies.json?q=Star+Wars&page_limit=10&page=2"
  },
  "link_template": "http://api.rottentomatoes.com/api/public/v1.0/movies.json?q={search-term}&page_limit={results-per-page}&page={page-number}"
}